Éè±¸IP,Ö»¶ÁÍÅÌåÃû,comment,Îª,ÎÒ,
1.1.1.1,abcaqwe,Ðì·«,ÑÓÇì,Ã÷Ñó,
1.1.1.2,abcaqwe,Ðì·«,ÑÓÇì,Ã÷Ñó,
1.1.1.3,abcaqwe,Ðì·«,ÑÓÇì,Ã÷Ñó,
1.1.1.4,abcaqwe,Ðì·«,ÑÓÇì,Ã÷Ñó,
1.1.1.5,abcaqwe,Ðì·«,ÑÓÇì,Ã÷Ñó,
1.1.1.6,abcaqwe,Ðì·«,ÑÓÇì,Ã÷Ñó,
1.1.1.7,abcaqwe,Ðì·«,ÑÓÇì,Ã÷Ñó,
1.1.1.8,abcaqwe,Ðì·«,ÑÓÇì,Ã÷Ñó,
1.1.1.9,abcaqwe,Ðì·«,ÑÓÇì,Ã÷Ñó,
1.1.1.10,abcaqwe,Ðì·«,ÑÓÇì,Ã÷Ñó,
1.1.1.11,abcaqwe,Ðì·«,ÑÓÇì,Ã÷Ñó,
1.1.1.12,zzz,Ðì·«,ÑÓÇì,Ã÷Ñó,
1.1.1.13,zzz,Ðì·«,ÑÓÇì,Ã÷Ñó,
1.1.1.14,zzz,Ðì·«,ÑÓÇì,Ã÷Ñó,
1.1.1.15,zzz,Ðì·«,ÑÓÇì,Ã÷Ñó,
1.1.1.16,zzz,Ðì·«,ÑÓÇì,Ã÷Ñó,
1.1.1.17,zzz,Ðì·«,ÑÓÇì,Ã÷Ñó, 
1.1.1.18,zzz,Ðì·«,ÑÓÇì,Ã÷Ñó,
1.1.1.19,zzz,Ðì·«,ÑÓÇì,Ã÷Ñó,
1.1.1.20,zzz,Ðì·«,ÑÓÇì,Ã÷Ñó,
1.1.1.21,zzz,Ðì·«,ÑÓÇì,Ã÷Ñó,
1.1.1.22,zzz,Ðì·«,ÑÓÇì,Ã÷Ñó,
